,min,median,max
EV/EBITDA (LTM),16.759956253216675,105.84212319655451,351.5313490959667
P/E (LTM),17.66937702790396,72.38994091358553,133.3570564674468
