,min,median,max
EV/EBITDA (LTM),15.814453257790369,67.2274074887554,124.34874155705653
P/E (LTM),29.93731792094415,73.42538268615411,806.7819417475728
